"latitude","longitude","value","session_id"
"1",51.5404169,-0.0979479,0,"75386"
"2",51.5404169,-0.0979479,0,"75386"
"3",51.5404169,-0.0979479,0,"75386"
"4",51.5404169,-0.0979479,0,"75386"
"5",51.5404169,-0.0979479,0,"75386"
"6",51.5404169,-0.0979479,0,"75386"
"7",51.5404169,-0.0979479,1,"75386"
"8",51.5404169,-0.0979479,1,"75386"
"9",51.5404169,-0.0979479,1,"75386"
"10",51.5404169,-0.0979479,1,"75386"
"11",51.5404169,-0.0979479,1,"75386"
"12",51.5404169,-0.0979479,1,"75386"
"13",51.5404169,-0.0979479,0,"75386"
"14",51.5404169,-0.0979479,0,"75386"
"15",51.5404169,-0.0979479,0,"75386"
"16",51.5404169,-0.0979479,0,"75386"
"17",51.5404169,-0.0979479,0,"75386"
"18",51.5404169,-0.0979479,0,"75386"
"19",51.5404169,-0.0979479,1,"75386"
"20",51.5404169,-0.0979479,1,"75386"
"21",51.5404169,-0.0979479,1,"75386"
"22",51.5404169,-0.0979479,1,"75386"
"23",51.5404169,-0.0979479,1,"75386"
"24",51.5404169,-0.0979479,0,"75386"
"25",51.5404169,-0.0979479,0,"75386"
"26",51.5404169,-0.0979479,0,"75386"
"27",51.5404169,-0.0979479,0,"75386"
"28",51.5404169,-0.0979479,1,"75386"
"29",51.5404169,-0.0979479,1,"75386"
"30",51.5404169,-0.0979479,1,"75386"
"31",51.5404169,-0.0979479,1,"75386"
"32",51.5404169,-0.0979479,1,"75386"
"33",51.5404169,-0.0979479,1,"75386"
"34",51.5404169,-0.0979479,0,"75386"
"35",51.5404169,-0.0979479,0,"75386"
"36",51.5404169,-0.0979479,0,"75386"
"37",51.5404169,-0.0979479,0,"75386"
"38",51.5404169,-0.0979479,0,"75386"
"39",51.5404169,-0.0979479,0,"75386"
"40",51.5405325,-0.0982613,0,"75386"
"41",51.5405325,-0.0982613,0,"75386"
"42",51.5405325,-0.0982613,0,"75386"
"43",51.5405325,-0.0982613,0,"75386"
"44",51.5405325,-0.0982613,0,"75386"
"45",51.5405325,-0.0982613,0,"75386"
"46",51.5405325,-0.0982613,0,"75386"
"47",51.5405325,-0.0982613,1,"75386"
"48",51.5405325,-0.0982613,1,"75386"
"49",51.5405325,-0.0982613,1,"75386"
"50",51.5405325,-0.0982613,1,"75386"
"51",51.5405325,-0.0982613,1,"75386"
"52",51.5405325,-0.0982613,1,"75386"
"53",51.5405325,-0.0982613,1,"75386"
"54",51.5405325,-0.0982613,1,"75386"
"55",51.5405325,-0.0982613,1,"75386"
"56",51.5405325,-0.0982613,1,"75386"
"57",51.5405325,-0.0982613,1,"75386"
"58",51.5405325,-0.0982613,1,"75386"
"59",51.5405325,-0.0982613,1,"75386"
"60",51.5405325,-0.0982613,1,"75386"
"61",51.5405325,-0.0982613,1,"75386"
"62",51.5405325,-0.0982613,1,"75386"
"63",51.5405325,-0.0982613,1,"75386"
"64",51.5405325,-0.0982613,1,"75386"
"65",51.5405325,-0.0982613,1,"75386"
"66",51.5405325,-0.0982613,1,"75386"
"67",51.5405325,-0.0982613,1,"75386"
"68",51.5405325,-0.0982613,1,"75386"
"69",51.5405325,-0.0982613,0,"75386"
"70",51.5405325,-0.0982613,0,"75386"
"71",51.5405325,-0.0982613,0,"75386"
"72",51.5405325,-0.0982613,0,"75386"
"73",51.5405325,-0.0982613,0,"75386"
"74",51.5405325,-0.0982613,0,"75386"
"75",51.5405325,-0.0982613,1,"75386"
"76",51.5405325,-0.0982613,1,"75386"
"77",51.5405325,-0.0982613,1,"75386"
"78",51.5405325,-0.0982613,1,"75386"
"79",51.5405325,-0.0982613,1,"75386"
"80",51.5405325,-0.0982613,1,"75386"
"81",51.5405325,-0.0982613,0,"75386"
"82",51.5403222,-0.0981775,0,"75386"
"83",51.5403222,-0.0981775,0,"75386"
"84",51.5403222,-0.0981775,0,"75386"
"85",51.5403222,-0.0981775,0,"75386"
"86",51.5403222,-0.0981775,0,"75386"
"87",51.5403222,-0.0981775,0,"75386"
"88",51.5403222,-0.0981775,0,"75386"
"89",51.5403222,-0.0981775,0,"75386"
"90",51.5403222,-0.0981775,1,"75386"
"91",51.5403222,-0.0981775,1,"75386"
"92",51.5403222,-0.0981775,1,"75386"
"93",51.5403222,-0.0981775,1,"75386"
"94",51.5403222,-0.0981775,1,"75386"
"95",51.5403222,-0.0981775,1,"75386"
"96",51.5403222,-0.0981775,1,"75386"
"97",51.5403222,-0.0981775,1,"75386"
"98",51.5403222,-0.0981775,1,"75386"
"99",51.5403222,-0.0981775,0,"75386"
"100",51.5403222,-0.0981775,0,"75386"
"101",51.5403222,-0.0981775,0,"75386"
"102",51.5403222,-0.0981775,0,"75386"
"103",51.5403556,-0.098041,0,"75386"
"104",51.5403556,-0.098041,0,"75386"
"105",51.5403556,-0.098041,1,"75386"
"106",51.5403556,-0.098041,1,"75386"
"107",51.5403556,-0.098041,1,"75386"
"108",51.5403556,-0.098041,0,"75386"
"109",51.5403556,-0.098041,0,"75386"
"110",51.5403556,-0.098041,0,"75386"
"111",51.5403556,-0.098041,1,"75386"
"112",51.5403556,-0.098041,1,"75386"
"113",51.5403556,-0.098041,1,"75386"
"114",51.5403556,-0.098041,0,"75386"
"115",51.5403556,-0.098041,0,"75386"
"116",51.5403556,-0.098041,1,"75386"
"117",51.54032783,-0.09799152,1,"75386"
"118",51.54042533,-0.09788222,1,"75386"
"119",51.54045191,-0.09782694,1,"75386"
"120",51.5404563,-0.09783171,1,"75386"
"121",51.54046718,-0.09800429,1,"75386"
"122",51.54048451,-0.0979913,1,"75386"
"123",51.54050029,-0.09800843,0,"75386"
"124",51.54043021,-0.09799415,0,"75386"
"125",51.54040926,-0.09798759,0,"75386"
"126",51.54039497,-0.09795182,1,"75386"
"127",51.54038324,-0.09794606,1,"75386"
"128",51.54039283,-0.09794519,1,"75386"
"129",51.54040001,-0.09794516,1,"75386"
"130",51.54039293,-0.09795523,1,"75386"
"131",51.54039408,-0.09796093,1,"75386"
"132",51.54039408,-0.09796093,1,"75386"
"133",51.54039139,-0.09795484,1,"75386"
"134",51.54039139,-0.09795484,1,"75386"
"135",51.54039139,-0.09795484,2,"75386"
"136",51.54039074,-0.0979577,2,"75386"
"137",51.54038935,-0.0979617,2,"75386"
"138",51.54039189,-0.09795344,2,"75386"
"139",51.54039175,-0.09795402,2,"75386"
"140",51.54039346,-0.09795509,2,"75386"
"141",51.54039349,-0.09795518,2,"75386"
"142",51.54039223,-0.09795302,2,"75386"
"143",51.54039249,-0.09795331,2,"75386"
"144",51.54039242,-0.09795339,2,"75386"
"145",51.54039241,-0.09795322,2,"75386"
"146",51.54039415,-0.09795582,2,"75386"
"147",51.54039454,-0.09795685,2,"75386"
"148",51.54039469,-0.09795719,2,"75386"
"149",51.54039469,-0.09795734,2,"75386"
"150",51.54039457,-0.09795721,2,"75386"
"151",51.5403945,-0.09795724,3,"75386"
"152",51.5403952,-0.09795891,3,"75386"
"153",51.54039414,-0.09795638,3,"75386"
"154",51.54039366,-0.09795533,3,"75386"
"155",51.54039389,-0.09795548,4,"75386"
"156",51.54039387,-0.09795542,5,"75386"
"157",51.54039385,-0.09795536,5,"75386"
"158",51.54039374,-0.09795518,6,"75386"
"159",51.54039365,-0.09795522,5,"75386"
"160",51.54039364,-0.09795517,6,"75386"
"161",51.54039364,-0.0979552,6,"75386"
"162",51.54039359,-0.09795506,6,"75386"
"163",51.54039345,-0.09795467,7,"75386"
"164",51.54040504,-0.09795737,7,"75386"
"165",51.54040269,-0.09795785,10,"75386"
"166",51.54040063,-0.09795112,10,"75386"
"167",51.5404014,-0.09795051,10,"75386"
"168",51.54040274,-0.09795404,10,"75386"
"169",51.54040249,-0.09795307,11,"75386"
"170",51.54040239,-0.09795764,11,"75386"
"171",51.54040416,-0.09795225,11,"75386"
"172",51.54040191,-0.09795937,10,"75386"
"173",51.54041098,-0.09798642,10,"75386"
"174",51.54041988,-0.0979834,9,"75386"
"175",51.54046386,-0.09800792,9,"75386"
"176",51.54048288,-0.09797719,9,"75386"
"177",51.54054764,-0.09796112,8,"75386"
"178",51.54058085,-0.09796431,8,"75386"
"179",51.54058085,-0.09796431,7,"75386"
"180",51.54060493,-0.09798322,7,"75386"
"181",51.54064512,-0.09798171,6,"75386"
"182",51.54071373,-0.09798877,6,"75386"
"183",51.54071373,-0.09798877,7,"75386"
"184",51.54074947,-0.09799216,7,"75386"
"185",51.54078704,-0.09800243,10,"75386"
"186",51.54082961,-0.09801423,13,"75386"
"187",51.54087037,-0.09803064,14,"75386"
"188",51.54095373,-0.09805705,16,"75386"
"189",51.54104927,-0.09809491,17,"75386"
"190",51.54104927,-0.09809491,19,"75386"
"191",51.54111103,-0.09812414,21,"75386"
"192",51.54117253,-0.09816923,21,"75386"
"193",51.54124093,-0.09818703,21,"75386"
"194",51.5412874,-0.09822181,19,"75386"
"195",51.54132165,-0.09821635,16,"75386"
"196",51.54139532,-0.09823547,15,"75386"
"197",51.54142952,-0.098239,14,"75386"
"198",51.54149962,-0.0982575,13,"75386"
"199",51.54154141,-0.09827202,10,"75386"
"200",51.54161114,-0.09827598,10,"75386"
"201",51.54166675,-0.09828101,10,"75386"
"202",51.54172807,-0.09827557,10,"75386"
"203",51.54177101,-0.09829227,8,"75386"
"204",51.54184926,-0.09832413,6,"75386"
"205",51.54188151,-0.09833988,6,"75386"
"206",51.54190827,-0.09837349,4,"75386"
"207",51.54194637,-0.0984098,4,"75386"
"208",51.54197174,-0.09843115,3,"75386"
"209",51.54198511,-0.09845471,3,"75386"
"210",51.54199284,-0.09849243,4,"75386"
"211",51.5419995,-0.09856121,4,"75386"
"212",51.54210799,-0.09867549,4,"75386"
"213",51.5421588,-0.09876674,5,"75386"
"214",51.5421588,-0.09876674,5,"75386"
"215",51.54220949,-0.09879854,6,"75386"
"216",51.54228818,-0.09880615,6,"75386"
"217",51.54233295,-0.09892712,6,"75386"
"218",51.54237436,-0.09916822,6,"75386"
"219",51.54237436,-0.09916822,6,"75386"
"220",51.54239789,-0.09922838,6,"75386"
"221",51.54239789,-0.09922838,6,"75386"
"222",51.5424258,-0.09927432,6,"75386"
"223",51.54246813,-0.09934107,6,"75386"
"224",51.542502,-0.09940358,6,"75386"
"225",51.54254042,-0.09948641,6,"75386"
"226",51.54256806,-0.09955539,6,"75386"
"227",51.54263656,-0.09970271,6,"75386"
"228",51.54265382,-0.09977023,6,"75386"
"229",51.54265382,-0.09977023,6,"75386"
"230",51.54268491,-0.09981173,6,"75386"
"231",51.54274347,-0.09988487,5,"75386"
"232",51.54283377,-0.10000354,5,"75386"
"233",51.54283377,-0.10000354,5,"75386"
"234",51.54288618,-0.10003736,5,"75386"
"235",51.5429331,-0.10007498,5,"75386"
"236",51.5429331,-0.10007498,6,"75386"
"237",51.54297339,-0.1000985,6,"75386"
"238",51.54297339,-0.1000985,6,"75386"
"239",51.54301701,-0.1001319,6,"75386"
"240",51.54306345,-0.10016006,7,"75386"
"241",51.54311884,-0.10019845,8,"75386"
"242",51.54316409,-0.10021707,8,"75386"
"243",51.54320426,-0.10025477,8,"75386"
"244",51.54324691,-0.10028496,8,"75386"
"245",51.5432999,-0.10029736,7,"75386"
"246",51.54335702,-0.10031309,7,"75386"
"247",51.54340272,-0.1003624,7,"75386"
"248",51.54345825,-0.10041448,7,"75386"
"249",51.54351881,-0.10042977,7,"75386"
"250",51.54357849,-0.10047816,7,"75386"
"251",51.54360872,-0.10050394,7,"75386"
"252",51.54364987,-0.1005388,6,"75386"
"253",51.5436963,-0.10056385,6,"75386"
"254",51.54373177,-0.10063598,6,"75386"
"255",51.54377255,-0.10065461,5,"75386"
"256",51.54381433,-0.10068741,5,"75386"
"257",51.54386615,-0.10068958,5,"75386"
"258",51.5439063,-0.1007176,5,"75386"
"259",51.54396968,-0.10073924,4,"75386"
"260",51.54401744,-0.10075123,4,"75386"
"261",51.5440688,-0.10076558,5,"75386"
"262",51.54412081,-0.10080735,5,"75386"
"263",51.54419318,-0.10085825,5,"75386"
"264",51.54426637,-0.10090822,5,"75386"
"265",51.54425413,-0.10090358,5,"75386"
"266",51.54427533,-0.10094158,5,"75386"
"267",51.54432198,-0.10096322,5,"75386"
"268",51.54438841,-0.10098973,4,"75386"
"269",51.54442904,-0.10096494,4,"75386"
"270",51.5444832,-0.10110595,4,"75386"
"271",51.54456102,-0.10119362,4,"75386"
"272",51.54459463,-0.10126454,4,"75386"
"273",51.5446113,-0.10133265,5,"75386"
"274",51.54471554,-0.10146541,5,"75386"
"275",51.54471554,-0.10146541,5,"75386"
"276",51.54476242,-0.10149973,5,"75386"
"277",51.5448022,-0.10154137,5,"75386"
"278",51.54481235,-0.10156417,5,"75386"
"279",51.54483166,-0.10160015,5,"75386"
"280",51.54486002,-0.10164902,6,"75386"
"281",51.54492152,-0.10171095,6,"75386"
"282",51.54495219,-0.10177258,6,"75386"
"283",51.54498228,-0.10181685,6,"75386"
"284",51.54503576,-0.10189258,6,"75386"
"285",51.54504502,-0.10195109,6,"75386"
"286",51.54508866,-0.10196058,6,"75386"
"287",51.54512673,-0.10202148,6,"75386"
"288",51.54515248,-0.10206577,6,"75386"
"289",51.5452332,-0.10209563,6,"75386"
"290",51.54528392,-0.1021242,6,"75386"
"291",51.54528392,-0.1021242,6,"75386"
"292",51.54533636,-0.10215143,6,"75386"
"293",51.54537,-0.10217116,6,"75386"
"294",51.54538613,-0.10219756,6,"75386"
"295",51.54540094,-0.10222254,6,"75386"
"296",51.54541286,-0.10225253,6,"75386"
"297",51.54542379,-0.10229933,6,"75386"
"298",51.54543669,-0.10234992,6,"75386"
"299",51.54544853,-0.10241167,6,"75386"
"300",51.54546928,-0.10250915,6,"75386"
"301",51.54549826,-0.10257885,6,"75386"
"302",51.54551462,-0.10265288,6,"75386"
"303",51.54552726,-0.10270264,6,"75386"
"304",51.54553995,-0.10277069,6,"75386"
"305",51.54555019,-0.10284599,6,"75386"
"306",51.54559935,-0.10298504,6,"75386"
"307",51.54559935,-0.10298504,6,"75386"
"308",51.54564215,-0.1030609,6,"75386"
"309",51.54567976,-0.10311136,6,"75386"
"310",51.54572865,-0.10313453,6,"75386"
"311",51.54575836,-0.1031842,6,"75386"
"312",51.54583044,-0.10314882,6,"75386"
"313",51.5458634,-0.10315591,6,"75386"
"314",51.54590526,-0.10316426,8,"75386"
"315",51.54594569,-0.10315358,8,"75386"
"316",51.54597386,-0.10315804,8,"75386"
"317",51.54602839,-0.10316808,9,"75386"
"318",51.54606974,-0.10317121,9,"75386"
"319",51.54610033,-0.10319677,10,"75386"
"320",51.54613146,-0.10321038,10,"75386"
"321",51.5461538,-0.10324234,10,"75386"
"322",51.54617544,-0.1032834,11,"75386"
"323",51.54619413,-0.10331808,11,"75386"
"324",51.54620763,-0.10333104,12,"75386"
"325",51.54624791,-0.10333616,12,"75386"
"326",51.54627919,-0.10337971,14,"75386"
"327",51.54631198,-0.10342372,14,"75386"
"328",51.5463703,-0.10351911,15,"75386"
"329",51.5463703,-0.10351911,16,"75386"
"330",51.54639478,-0.10358114,16,"75386"
"331",51.54642864,-0.10365512,16,"75386"
"332",51.54646626,-0.1036966,16,"75386"
"333",51.54648673,-0.10379759,16,"75386"
"334",51.54650257,-0.10394228,16,"75386"
"335",51.54650257,-0.10394228,16,"75386"
"336",51.54650929,-0.10404467,16,"75386"
"337",51.54654675,-0.10410786,16,"75386"
"338",51.5466196,-0.10416674,16,"75386"
"339",51.54666211,-0.10422025,16,"75386"
"340",51.54674176,-0.10430815,15,"75386"
"341",51.54677654,-0.10437752,15,"75386"
"342",51.54677654,-0.10437752,14,"75386"
"343",51.54677714,-0.10446237,14,"75386"
"344",51.5468344,-0.1045626,12,"75386"
"345",51.54692841,-0.10462708,11,"75386"
"346",51.54691586,-0.10472672,10,"75386"
"347",51.54696906,-0.10480856,8,"75386"
"348",51.54703378,-0.10487299,8,"75386"
"349",51.5470794,-0.1049612,9,"75386"
"350",51.54711723,-0.10501546,9,"75386"
"351",51.54714699,-0.10509151,9,"75386"
"352",51.5471986,-0.10516605,10,"75386"
"353",51.54724293,-0.10524167,10,"75386"
"354",51.54728829,-0.10533865,10,"75386"
"355",51.54734579,-0.10541632,11,"75386"
"356",51.54740172,-0.1054767,11,"75386"
"357",51.54743394,-0.10554477,12,"75386"
"358",51.54748406,-0.10557292,11,"75386"
"359",51.54756072,-0.1055948,12,"75386"
"360",51.54764797,-0.10563057,11,"75386"
"361",51.54773678,-0.10564763,11,"75386"
"362",51.54774835,-0.10575022,11,"75386"
"363",51.54781539,-0.10578845,11,"75386"
"364",51.54781471,-0.10584706,10,"75386"
"365",51.54782382,-0.10592407,9,"75386"
"366",51.54787245,-0.10596234,9,"75386"
"367",51.54791161,-0.1060425,9,"75386"
"368",51.54793123,-0.10611027,9,"75386"
"369",51.54802128,-0.1061499,10,"75386"
"370",51.54809067,-0.10618131,10,"75386"
"371",51.54810273,-0.1062301,10,"75386"
"372",51.54815564,-0.10632161,10,"75386"
"373",51.54820157,-0.10635782,9,"75386"
"374",51.54823212,-0.10641125,9,"75386"
"375",51.54826673,-0.1064996,9,"75386"
"376",51.54833638,-0.10655938,8,"75386"
"377",51.54836567,-0.10662971,8,"75386"
"378",51.54839744,-0.10664561,7,"75386"
"379",51.54841759,-0.1066894,7,"75386"
"380",51.54844745,-0.10671182,6,"75386"
"381",51.54847828,-0.10675645,6,"75386"
"382",51.54851024,-0.10679737,6,"75386"
"383",51.54855231,-0.10684014,6,"75386"
"384",51.54860468,-0.10690192,6,"75386"
"385",51.54864251,-0.10697607,5,"75386"
"386",51.54869046,-0.10705202,5,"75386"
"387",51.54872324,-0.10714038,4,"75386"
"388",51.54878541,-0.10723663,4,"75386"
"389",51.54882985,-0.1072974,4,"75386"
"390",51.54887821,-0.10736614,5,"75386"
"391",51.54891014,-0.10745566,5,"75386"
"392",51.54896003,-0.10753392,4,"75386"
"393",51.54900696,-0.10757745,4,"75386"
"394",51.54904562,-0.10765973,5,"75386"
"395",51.54908542,-0.10769485,3,"75386"
"396",51.54912274,-0.1077559,3,"75386"
"397",51.54917806,-0.10781792,4,"75386"
"398",51.54920667,-0.10790822,4,"75386"
"399",51.54924578,-0.10796865,3,"75386"
"400",51.54929732,-0.10804571,3,"75386"
"401",51.54935556,-0.10810076,4,"75386"
"402",51.54941396,-0.10814909,4,"75386"
"403",51.54946577,-0.1081984,4,"75386"
"404",51.54952343,-0.10825313,5,"75386"
"405",51.54956878,-0.1083037,5,"75386"
"406",51.54961686,-0.10837504,4,"75386"
"407",51.54965903,-0.10844285,5,"75386"
"408",51.54969889,-0.10851691,6,"75386"
"409",51.54974415,-0.10857079,6,"75386"
"410",51.54978754,-0.10863914,9,"75386"
"411",51.54984235,-0.10869729,11,"75386"
"412",51.54988705,-0.10876443,11,"75386"
"413",51.54993484,-0.10884579,11,"75386"
"414",51.54998474,-0.10890849,11,"75386"
"415",51.55003063,-0.10897319,11,"75386"
"416",51.55008048,-0.10903008,11,"75386"
"417",51.55011787,-0.10907393,12,"75386"
"418",51.55017037,-0.10911997,12,"75386"
"419",51.55020944,-0.10915677,13,"75386"
"420",51.55025642,-0.10920073,11,"75386"
"421",51.5502848,-0.10924903,10,"75386"
"422",51.55032368,-0.10931253,10,"75386"
"423",51.55036054,-0.10935521,10,"75386"
"424",51.550389,-0.1094045,10,"75386"
"425",51.55043089,-0.10944832,10,"75386"
"426",51.5505305,-0.1095402,10,"75386"
"427",51.55057045,-0.10958676,10,"75386"
"428",51.55057045,-0.10958676,10,"75386"
"429",51.55060518,-0.1096374,10,"75386"
"430",51.55064989,-0.10969215,10,"75386"
"431",51.55069841,-0.10973216,9,"75386"
"432",51.55074346,-0.10978765,9,"75386"
"433",51.55076828,-0.10985161,9,"75386"
"434",51.5508097,-0.1099089,9,"75386"
"435",51.55085827,-0.10995081,9,"75386"
"436",51.55089061,-0.11000093,9,"75386"
"437",51.55093329,-0.11005433,9,"75386"
"438",51.55097401,-0.11010379,10,"75386"
"439",51.55101515,-0.11016928,10,"75386"
"440",51.55106973,-0.11022144,10,"75386"
"441",51.55110954,-0.11025994,10,"75386"
"442",51.55117298,-0.11032304,10,"75386"
"443",51.55126355,-0.11046567,12,"75386"
"444",51.55126355,-0.11046567,13,"75386"
"445",51.55131957,-0.1105158,13,"75386"
"446",51.55135902,-0.11057121,14,"75386"
"447",51.55139093,-0.11066531,11,"75386"
"448",51.5514294,-0.11070247,9,"75386"
"449",51.55149546,-0.11076879,8,"75386"
"450",51.55156126,-0.11090077,8,"75386"
"451",51.55156127,-0.11094916,8,"75386"
"452",51.55159618,-0.11104268,9,"75386"
"453",51.55165105,-0.11110919,9,"75386"
"454",51.55168441,-0.11115443,9,"75386"
"455",51.55172669,-0.11125097,7,"75386"
"456",51.55177154,-0.11129963,6,"75386"
"457",51.55178416,-0.11134805,6,"75386"
"458",51.55180772,-0.11138468,6,"75386"
"459",51.5518624,-0.11145843,6,"75386"
"460",51.55192028,-0.11150869,4,"75386"
"461",51.55197115,-0.11154891,4,"75386"
"462",51.5520042,-0.111614,4,"75386"
"463",51.55207826,-0.11169136,5,"75386"
"464",51.55207826,-0.11169136,5,"75386"
"465",51.55211195,-0.11172355,4,"75386"
"466",51.5521429,-0.11175591,4,"75386"
"467",51.5521789,-0.11183784,5,"75386"
"468",51.55220801,-0.1118789,5,"75386"
"469",51.55223771,-0.11192866,5,"75386"
"470",51.55227044,-0.11195211,5,"75386"
"471",51.55232418,-0.11198327,5,"75386"
"472",51.55240542,-0.11205806,4,"75386"
"473",51.55241294,-0.11206449,4,"75386"
"474",51.55241294,-0.11206449,4,"75386"
"475",51.55242758,-0.11206506,4,"75386"
"476",51.55244116,-0.11207717,4,"75386"
"477",51.55244913,-0.11207575,4,"75386"
"478",51.55246341,-0.1120573,4,"75386"
"479",51.55247221,-0.11204663,5,"75386"
"480",51.55248444,-0.11203881,5,"75386"
"481",51.55249383,-0.11203645,5,"75386"
"482",51.55250212,-0.11203886,4,"75386"
"483",51.55250159,-0.11204174,5,"75386"
"484",51.55250139,-0.11204679,5,"75386"
"485",51.55249907,-0.11207522,5,"75386"
"486",51.55249917,-0.1120963,5,"75386"
"487",51.55250309,-0.11210893,6,"75386"
"488",51.55251057,-0.11211844,6,"75386"
"489",51.55251572,-0.11212546,6,"75386"
"490",51.55251762,-0.11212606,6,"75386"
"491",51.55251404,-0.11213224,6,"75386"
"492",51.55251129,-0.11214266,6,"75386"
"493",51.55251227,-0.11216477,6,"75386"
"494",51.55251413,-0.11219703,6,"75386"
"495",51.55252176,-0.11223587,6,"75386"
"496",51.55253438,-0.11228206,6,"75386"
"497",51.55255068,-0.11232856,6,"75386"
"498",51.55257799,-0.11236798,6,"75386"
"499",51.5527043,-0.11243097,5,"75386"
"500",51.5527043,-0.11243097,4,"75386"
"501",51.55275845,-0.11247286,4,"75386"
"502",51.55279732,-0.11251743,4,"75386"
"503",51.55284343,-0.11255855,4,"75386"
"504",51.55289302,-0.11261307,3,"75386"
"505",51.5529496,-0.11266192,3,"75386"
"506",51.55299004,-0.11272873,5,"75386"
"507",51.55303335,-0.1127628,4,"75386"
"508",51.55309498,-0.11284203,3,"75386"
"509",51.55314154,-0.11292211,3,"75386"
"510",51.55318016,-0.11298612,3,"75386"
"511",51.55322509,-0.11305843,3,"75386"
"512",51.55326322,-0.11312253,3,"75386"
"513",51.5533054,-0.11323567,3,"75386"
"514",51.5533751,-0.11331247,3,"75386"
"515",51.55343655,-0.11338437,4,"75386"
"516",51.55352818,-0.11351356,4,"75386"
"517",51.55352818,-0.11351356,3,"75386"
"518",51.55357336,-0.11357138,3,"75386"
"519",51.55360955,-0.11364546,3,"75386"
"520",51.55364732,-0.11371302,4,"75386"
"521",51.55370695,-0.11377178,4,"75386"
"522",51.55375258,-0.11384243,19,"75386"
"523",51.55381039,-0.11389738,29,"75386"
"524",51.5539082,-0.1140262,31,"75386"
"525",51.55396105,-0.11409314,31,"75386"
"526",51.55396105,-0.11409314,31,"75386"
"527",51.55400816,-0.11414242,32,"75386"
"528",51.55403646,-0.11420106,33,"75386"
"529",51.55409067,-0.11425918,33,"75386"
"530",51.55413675,-0.11431621,33,"75386"
"531",51.55425317,-0.11445645,29,"75386"
"532",51.55431877,-0.11452147,20,"75386"
"533",51.55431877,-0.11452147,14,"75386"
"534",51.55436725,-0.11459764,11,"75386"
"535",51.55442577,-0.1146868,10,"75386"
"536",51.55449359,-0.11474672,9,"75386"
"537",51.55453508,-0.11483601,9,"75386"
"538",51.5546155,-0.11496986,8,"75386"
"539",51.5546155,-0.11496986,9,"75386"
"540",51.55465305,-0.11503653,7,"75386"
"541",51.55468569,-0.11509765,6,"75386"
"542",51.5547336,-0.11515079,6,"75386"
"543",51.55478018,-0.11520234,6,"75386"
"544",51.55484333,-0.11525313,6,"75386"
"545",51.55489118,-0.11531327,4,"75386"
"546",51.55495274,-0.11536719,4,"75386"
"547",51.55500258,-0.11541292,4,"75386"
"548",51.55503563,-0.11545789,6,"75386"
"549",51.55508917,-0.11553404,7,"75386"
"550",51.55508917,-0.11553404,7,"75386"
"551",51.55509534,-0.11555747,9,"75386"
"552",51.55510777,-0.11559459,10,"75386"
"553",51.55513498,-0.11562382,10,"75386"
"554",51.55515886,-0.11566385,11,"75386"
"555",51.55519798,-0.1156907,11,"75386"
"556",51.55522326,-0.11573954,14,"75386"
"557",51.55525409,-0.11578638,16,"75386"
"558",51.55528382,-0.11584326,15,"75386"
"559",51.55531994,-0.11590164,17,"75386"
"560",51.55534737,-0.11596861,17,"75386"
"561",51.55538334,-0.11604367,16,"75386"
"562",51.55541024,-0.11612307,16,"75386"
"563",51.55544723,-0.11619098,14,"75386"
"564",51.55547894,-0.11626464,14,"75386"
"565",51.5555336,-0.11632026,14,"75386"
"566",51.55557089,-0.11636586,12,"75386"
"567",51.55560426,-0.11642877,10,"75386"
"568",51.555639,-0.11650211,9,"75386"
"569",51.55568062,-0.11655253,7,"75386"
"570",51.55572909,-0.11659807,6,"75386"
"571",51.55576547,-0.11665764,7,"75386"
"572",51.55579914,-0.11671131,7,"75386"
"573",51.55582989,-0.1167584,7,"75386"
"574",51.55585225,-0.11679851,7,"75386"
"575",51.55587253,-0.11681975,7,"75386"
"576",51.55589006,-0.11684083,8,"75386"
"577",51.55590213,-0.11684753,8,"75386"
"578",51.55590567,-0.11685845,8,"75386"
"579",51.55590818,-0.11685749,9,"75386"
"580",51.55591802,-0.1168519,9,"75386"
"581",51.55591834,-0.11684609,9,"75386"
"582",51.55591605,-0.11684841,9,"75386"
"583",51.5559196,-0.11685165,8,"75386"
"584",51.55592279,-0.11685271,8,"75386"
"585",51.55592987,-0.11686284,8,"75386"
"586",51.55594144,-0.11687979,7,"75386"
"587",51.55594755,-0.11690458,7,"75386"
"588",51.55595793,-0.11692556,6,"75386"
"589",51.55596927,-0.11694783,6,"75386"
"590",51.55598086,-0.11697109,6,"75386"
"591",51.55599263,-0.11699673,6,"75386"
"592",51.55600164,-0.11701795,6,"75386"
"593",51.55600815,-0.11702951,6,"75386"
"594",51.55601015,-0.11703489,6,"75386"
"595",51.55600741,-0.11703202,5,"75386"
"596",51.55600685,-0.11702759,5,"75386"
"597",51.55600589,-0.11702707,4,"75386"
"598",51.55600582,-0.11702629,4,"75386"
"599",51.55600747,-0.11702764,5,"75386"
"600",51.55600673,-0.11702956,5,"75386"
"601",51.5560055,-0.11703149,5,"75386"
"602",51.55600484,-0.1170319,5,"75386"
"603",51.55600472,-0.11703311,5,"75386"
"604",51.55600472,-0.11703348,6,"75386"
"605",51.55600498,-0.11703338,6,"75386"
"606",51.55600518,-0.11703378,6,"75386"
"607",51.55600527,-0.11703376,6,"75386"
"608",51.55600539,-0.11703368,6,"75386"
"609",51.55600555,-0.11703356,6,"75386"
"610",51.55600563,-0.11703351,6,"75386"
"611",51.55600567,-0.11703349,6,"75386"
"612",51.55600569,-0.11703349,6,"75386"
"613",51.55600571,-0.11703346,6,"75386"
"614",51.55600587,-0.11703274,6,"75386"
"615",51.556006,-0.11703237,6,"75386"
"616",51.55600611,-0.11703219,6,"75386"
"617",51.55600615,-0.11703209,6,"75386"
"618",51.55600653,-0.11703199,6,"75386"
"619",51.5560067,-0.11703193,6,"75386"
"620",51.55600681,-0.11703192,7,"75386"
"621",51.55600681,-0.11703192,7,"75386"
"622",51.55600685,-0.11703194,6,"75386"
"623",51.55600688,-0.11703194,7,"75386"
"624",51.55600686,-0.11703193,7,"75386"
"625",51.55600686,-0.11703194,7,"75386"
"626",51.55600685,-0.11703194,7,"75386"
"627",51.55600685,-0.11703193,8,"75386"
"628",51.55600661,-0.11703195,8,"75386"
"629",51.55601568,-0.11704188,8,"75386"
"630",51.55603153,-0.11705697,8,"75386"
"631",51.55605371,-0.11707586,8,"75386"
"632",51.55608154,-0.11710322,8,"75386"
"633",51.55611149,-0.11713531,8,"75386"
"634",51.55614357,-0.11717322,8,"75386"
"635",51.55617573,-0.11721656,8,"75386"
"636",51.55621496,-0.11728771,8,"75386"
"637",51.55628991,-0.11737427,6,"75386"
"638",51.55628991,-0.11737427,6,"75386"
"639",51.55632815,-0.11742951,6,"75386"
"640",51.55635934,-0.11749281,7,"75386"
"641",51.55641154,-0.11753941,6,"75386"
"642",51.55645056,-0.11759736,6,"75386"
"643",51.55653434,-0.11773495,6,"75386"
"644",51.55657081,-0.1177942,5,"75386"
"645",51.55657081,-0.1177942,5,"75386"
"646",51.55659685,-0.11785168,3,"75386"
"647",51.55665359,-0.11791891,3,"75386"
"648",51.55671023,-0.11798351,3,"75386"
"649",51.55678044,-0.11805162,3,"75386"
"650",51.55683672,-0.11812969,3,"75386"
"651",51.55688406,-0.11819488,3,"75386"
"652",51.55694428,-0.11826635,3,"75386"
"653",51.55698375,-0.11832712,3,"75386"
"654",51.55702696,-0.11841266,3,"75386"
"655",51.55707372,-0.11849777,3,"75386"
"656",51.55712602,-0.11856375,3,"75386"
"657",51.5571729,-0.11864016,3,"75386"
"658",51.55722393,-0.11870921,3,"75386"
"659",51.55725978,-0.11878367,4,"75386"
"660",51.55730426,-0.11883727,4,"75386"
"661",51.5573492,-0.1188984,4,"75386"
"662",51.55738745,-0.11896419,4,"75386"
"663",51.5574157,-0.11901738,4,"75386"
"664",51.55746149,-0.11907828,9,"75386"
"665",51.55750877,-0.11913936,14,"75386"
"666",51.55753488,-0.11919346,16,"75386"
"667",51.55756724,-0.11922849,19,"75386"
"668",51.55759397,-0.11923996,23,"75386"
"669",51.55762483,-0.11927739,26,"75386"
"670",51.55764746,-0.11932424,29,"75386"
"671",51.55765747,-0.11936765,31,"75386"
"672",51.55767077,-0.11940261,32,"75386"
"673",51.55768141,-0.11943524,32,"75386"
"674",51.55770194,-0.11945251,32,"75386"
"675",51.55770704,-0.11946974,33,"75386"
"676",51.55771885,-0.11949198,33,"75386"
"677",51.55773255,-0.11951924,33,"75386"
"678",51.55774825,-0.11954944,32,"75386"
"679",51.5577728,-0.11958135,30,"75386"
"680",51.55782672,-0.11964102,27,"75386"
"681",51.55785435,-0.11967175,26,"75386"
"682",51.55785435,-0.11967175,23,"75386"
"683",51.5578814,-0.11970437,21,"75386"
"684",51.55790675,-0.11973927,17,"75386"
"685",51.55793316,-0.11977988,11,"75386"
"686",51.55796101,-0.11982405,9,"75386"
"687",51.55798969,-0.11987063,6,"75386"
"688",51.55802129,-0.11992008,5,"75386"
"689",51.55805904,-0.11998741,5,"75386"
"690",51.55810224,-0.12003469,5,"75386"
"691",51.55813097,-0.12008822,5,"75386"
"692",51.55815538,-0.12014379,5,"75386"
"693",51.5581997,-0.12020263,5,"75386"
"694",51.55823696,-0.12025807,5,"75386"
"695",51.55827987,-0.1203031,6,"75386"
"696",51.55832694,-0.12035855,6,"75386"
"697",51.55834228,-0.12043436,6,"75386"
"698",51.55835989,-0.12048355,6,"75386"
"699",51.55837214,-0.12051264,6,"75386"
"700",51.55838123,-0.12053157,6,"75386"
"701",51.55838296,-0.12054329,6,"75386"
"702",51.55838308,-0.12053798,6,"75386"
"703",51.55838583,-0.1205351,7,"75386"
"704",51.55838679,-0.12053978,8,"75386"
"705",51.55838679,-0.12053978,7,"75386"
"706",51.5583968,-0.12055335,7,"75386"
"707",51.55841208,-0.12057568,7,"75386"
"708",51.55842524,-0.12060371,7,"75386"
"709",51.55843262,-0.12062977,8,"75386"
"710",51.55845102,-0.12065814,8,"75386"
"711",51.55846307,-0.12068911,7,"75386"
"712",51.55847648,-0.12071764,6,"75386"
"713",51.55849618,-0.1207503,6,"75386"
"714",51.55852005,-0.12079187,6,"75386"
"715",51.55854545,-0.12083741,6,"75386"
"716",51.55857104,-0.12088512,5,"75386"
"717",51.55860828,-0.12094036,5,"75386"
"718",51.55864012,-0.12098879,4,"75386"
"719",51.55869144,-0.12109772,4,"75386"
"720",51.55872783,-0.12115889,4,"75386"
"721",51.55872783,-0.12115889,4,"75386"
"722",51.55878514,-0.12119948,4,"75386"
"723",51.55881644,-0.12125099,3,"75386"
"724",51.55886439,-0.12130911,3,"75386"
"725",51.55889523,-0.12135369,4,"75386"
"726",51.55894074,-0.12141325,4,"75386"
"727",51.55895885,-0.12148108,3,"75386"
"728",51.55899358,-0.12152537,4,"75386"
"729",51.55905123,-0.12155377,4,"75386"
"730",51.55907833,-0.12158408,4,"75386"
"731",51.55913574,-0.12162448,4,"75386"
"732",51.55919719,-0.12169428,5,"75386"
"733",51.55924878,-0.12174487,5,"75386"
"734",51.55933755,-0.12172266,5,"75386"
"735",51.55937402,-0.12183224,5,"75386"
"736",51.55940534,-0.1218955,5,"75386"
"737",51.55940383,-0.1219718,5,"75386"
"738",51.55944061,-0.12201764,5,"75386"
"739",51.55949721,-0.12206952,5,"75386"
"740",51.55952142,-0.12214543,5,"75386"
"741",51.55954195,-0.12221441,6,"75386"
"742",51.55957667,-0.12229842,5,"75386"
"743",51.55960517,-0.12232177,5,"75386"
"744",51.5596612,-0.12238195,4,"75386"
"745",51.55969226,-0.12242401,4,"75386"
"746",51.55975953,-0.12246183,4,"75386"
"747",51.5597892,-0.12253499,4,"75386"
"748",51.55986606,-0.12260071,6,"75386"
"749",51.55991488,-0.12264281,5,"75386"
"750",51.55993907,-0.1227118,5,"75386"
"751",51.55999039,-0.12275605,6,"75386"
"752",51.56002219,-0.12281185,6,"75386"
"753",51.56006742,-0.12288145,6,"75386"
"754",51.56010229,-0.12293925,6,"75386"
"755",51.56015892,-0.12299187,5,"75386"
"756",51.56020105,-0.12304965,5,"75386"
"757",51.56025179,-0.12316337,5,"75386"
"758",51.56028751,-0.12323813,5,"75386"
"759",51.56028751,-0.12323813,5,"75386"
"760",51.560328,-0.12330964,5,"75386"
"761",51.56037167,-0.12337759,5,"75386"
"762",51.56039806,-0.12343051,5,"75386"
"763",51.56043146,-0.12347414,5,"75386"
"764",51.56045852,-0.12351025,6,"75386"
"765",51.56050547,-0.12355733,10,"75386"
"766",51.56054005,-0.12358755,12,"75386"
"767",51.56059658,-0.12363805,14,"75386"
"768",51.56064392,-0.12369715,16,"75386"
"769",51.56067983,-0.12373807,17,"75386"
"770",51.56074762,-0.12384383,19,"75386"
"771",51.56074762,-0.12384383,20,"75386"
"772",51.56078777,-0.12388938,21,"75386"
"773",51.56084951,-0.12393555,21,"75386"
"774",51.56089519,-0.12396849,21,"75386"
"775",51.56093981,-0.12400875,16,"75386"
"776",51.56098142,-0.12405174,14,"75386"
"777",51.5610214,-0.12409497,14,"75386"
"778",51.56106201,-0.1241341,12,"75386"
"779",51.56110735,-0.12416862,12,"75386"
"780",51.56126311,-0.1243762,10,"75386"
"781",51.56128619,-0.1244397,11,"75386"
"782",51.56128619,-0.1244397,10,"75386"
"783",51.56128619,-0.1244397,9,"75386"
"784",51.56128619,-0.1244397,8,"75386"
"785",51.56132189,-0.12448886,7,"75386"
"786",51.56136666,-0.12453774,7,"75386"
"787",51.56140058,-0.12459599,6,"75386"
"788",51.5614449,-0.12464783,6,"75386"
"789",51.56148221,-0.12468637,6,"75386"
"790",51.5615178,-0.12472347,6,"75386"
"791",51.56154978,-0.12478075,6,"75386"
"792",51.56160753,-0.12482424,5,"75386"
"793",51.56165017,-0.12487344,5,"75386"
"794",51.5616805,-0.12490176,5,"75386"
"795",51.56170816,-0.12494604,5,"75386"
"796",51.56173143,-0.12499588,5,"75386"
"797",51.56178203,-0.12504471,5,"75386"
"798",51.56181429,-0.12507155,5,"75386"
"799",51.56186983,-0.12509118,5,"75386"
"800",51.56189978,-0.12512034,5,"75386"
"801",51.56189978,-0.12512034,4,"75386"
"802",51.56192597,-0.12516486,4,"75386"
"803",51.5619576,-0.12520252,3,"75386"
"804",51.56198177,-0.12523899,3,"75386"
"805",51.56199599,-0.12527957,4,"75386"
"806",51.56203225,-0.12531789,5,"75386"
"807",51.56205325,-0.12537449,5,"75386"
"808",51.56207679,-0.12542898,5,"75386"
"809",51.56209177,-0.12548826,5,"75386"
"810",51.56210752,-0.12554724,6,"75386"
"811",51.56212396,-0.12560361,6,"75386"
"812",51.56214414,-0.12566289,5,"75386"
"813",51.56218066,-0.12572555,5,"75386"
"814",51.56220792,-0.12577791,5,"75386"
"815",51.56222301,-0.12582675,6,"75386"
"816",51.56224884,-0.12588585,6,"75386"
"817",51.56228248,-0.12593567,6,"75386"
"818",51.56230137,-0.12598924,6,"75386"
"819",51.56233524,-0.12606633,6,"75386"
"820",51.56234858,-0.12613014,6,"75386"
"821",51.56237348,-0.12618584,6,"75386"
"822",51.56238873,-0.12625117,6,"75386"
"823",51.56241384,-0.12631459,6,"75386"
"824",51.56242814,-0.12637817,6,"75386"
"825",51.56244386,-0.12643918,5,"75386"
"826",51.56246219,-0.12650174,6,"75386"
"827",51.5624907,-0.12656362,6,"75386"
"828",51.56251967,-0.12662572,6,"75386"
"829",51.56254166,-0.1266856,6,"75386"
"830",51.56257168,-0.12673865,6,"75386"
"831",51.56260352,-0.12678959,6,"75386"
"832",51.562625,-0.12685164,6,"75386"
"833",51.56266979,-0.12689705,5,"75386"
"834",51.56268936,-0.12693987,5,"75386"
"835",51.56272442,-0.12698673,6,"75386"
"836",51.56274384,-0.12704667,6,"75386"
"837",51.56279585,-0.12713551,6,"75386"
"838",51.56279585,-0.12713551,5,"75386"
"839",51.56283243,-0.12720493,5,"75386"
"840",51.56288209,-0.12725484,3,"75386"
"841",51.56290426,-0.12729493,3,"75386"
"842",51.56293586,-0.1273431,2,"75386"
"843",51.56295621,-0.12738898,2,"75386"
"844",51.56298385,-0.12744853,3,"75386"
"845",51.56300512,-0.12748609,3,"75386"
"846",51.56304121,-0.12753372,2,"75386"
"847",51.5630923,-0.1275972,2,"75386"
"848",51.5631242,-0.1276637,2,"75386"
"849",51.56314929,-0.12772397,1,"75386"
"850",51.56315838,-0.12777443,2,"75386"
"851",51.56318366,-0.1278236,2,"75386"
"852",51.56321097,-0.12786955,2,"75386"
"853",51.56326936,-0.12798075,2,"75386"
"854",51.56326936,-0.12798075,2,"75386"
"855",51.56329525,-0.12803914,2,"75386"
"856",51.5633267,-0.12808222,2,"75386"
"857",51.56335732,-0.12813174,2,"75386"
"858",51.563441,-0.12823691,2,"75386"
"859",51.563441,-0.12823691,2,"75386"
"860",51.56346127,-0.12828829,2,"75386"
"861",51.56348125,-0.12833971,2,"75386"
"862",51.56351552,-0.12838725,2,"75386"
"863",51.56352265,-0.12844805,2,"75386"
"864",51.56352663,-0.12850855,2,"75386"
"865",51.56353838,-0.12856015,2,"75386"
"866",51.5635593,-0.12862729,2,"75386"
"867",51.56356854,-0.1286929,2,"75386"
"868",51.56359791,-0.12873719,2,"75386"
"869",51.56360702,-0.1288068,2,"75386"
"870",51.56362197,-0.12886476,2,"75386"
"871",51.56365206,-0.12891858,2,"75386"
"872",51.56367912,-0.12897036,2,"75386"
"873",51.56370402,-0.12902246,1,"75386"
"874",51.5637276,-0.12907164,1,"75386"
"875",51.56374658,-0.12912467,1,"75386"
"876",51.56376201,-0.12917354,1,"75386"
"877",51.56377681,-0.12921743,1,"75386"
"878",51.5637961,-0.12926688,1,"75386"
"879",51.56381385,-0.12931777,2,"75386"
"880",51.56383191,-0.12937312,2,"75386"
"881",51.56385095,-0.12942848,2,"75386"
"882",51.56386991,-0.12948283,1,"75386"
"883",51.56391364,-0.12958639,1,"75386"
"884",51.56391364,-0.12958639,2,"75386"
"885",51.56393384,-0.12963304,1,"75386"
"886",51.56395385,-0.12968076,1,"75386"
"887",51.56397433,-0.12973211,1,"75386"
"888",51.56399416,-0.12978632,1,"75386"
"889",51.56401452,-0.12984571,2,"75386"
"890",51.56403329,-0.12990141,2,"75386"
"891",51.56405114,-0.12995076,3,"75386"
"892",51.56406959,-0.13000107,3,"75386"
"893",51.56408335,-0.13004955,4,"75386"
"894",51.56409702,-0.13009831,3,"75386"
"895",51.56410973,-0.13014741,3,"75386"
"896",51.56412124,-0.1301907,4,"75386"
"897",51.56413568,-0.13024097,4,"75386"
"898",51.56415132,-0.13029949,4,"75386"
"899",51.56416752,-0.13036033,4,"75386"
"900",51.56418259,-0.13041286,5,"75386"
"901",51.56419728,-0.13046683,5,"75386"
"902",51.56421182,-0.13052505,5,"75386"
"903",51.56422404,-0.13058216,5,"75386"
"904",51.56425302,-0.13068337,6,"75386"
"905",51.56425302,-0.13068337,5,"75386"
"906",51.56426858,-0.13073812,5,"75386"
"907",51.56428173,-0.13079369,6,"75386"
"908",51.56429093,-0.13085074,6,"75386"
"909",51.56429873,-0.13090695,4,"75386"
"910",51.56430828,-0.13096364,4,"75386"
"911",51.5643171,-0.13102155,4,"75386"
"912",51.5643234,-0.13107352,4,"75386"
"913",51.5643317,-0.13112879,4,"75386"
"914",51.56434089,-0.1311925,4,"75386"
"915",51.5643521,-0.13125755,4,"75386"
"916",51.56437556,-0.13138305,4,"75386"
"917",51.56438693,-0.13144155,4,"75386"
"918",51.56438693,-0.13144155,4,"75386"
"919",51.56439589,-0.13148723,4,"75386"
"920",51.56440308,-0.13152641,4,"75386"
"921",51.56441524,-0.13157117,4,"75386"
"922",51.5644309,-0.13161052,4,"75386"
"923",51.56444148,-0.13165704,4,"75386"
"924",51.56445282,-0.13170921,3,"75386"
"925",51.56446607,-0.13176082,2,"75386"
"926",51.56447962,-0.13181297,2,"75386"
"927",51.5645068,-0.13192366,3,"75386"
"928",51.56451941,-0.13196906,3,"75386"
"929",51.56451941,-0.13196906,3,"75386"
"930",51.56453477,-0.13201057,3,"75386"
"931",51.56455485,-0.13205288,3,"75386"
"932",51.56457511,-0.13209463,3,"75386"
"933",51.56459777,-0.13213787,3,"75386"
"934",51.56464548,-0.13223501,4,"75386"
"935",51.56466948,-0.13228404,4,"75386"
"936",51.56466948,-0.13228404,3,"75386"
"937",51.5646947,-0.13233264,3,"75386"
"938",51.56471992,-0.13238076,3,"75386"
"939",51.56476462,-0.13247732,3,"75386"
"940",51.56476462,-0.13247732,3,"75386"
"941",51.5647864,-0.13252491,3,"75386"
"942",51.56481123,-0.13257178,4,"75386"
"943",51.56484742,-0.13265846,4,"75386"
"944",51.56484742,-0.13265846,4,"75386"
"945",51.56486263,-0.13270693,4,"75386"
"946",51.56488088,-0.13275699,4,"75386"
"947",51.56490478,-0.13280236,4,"75386"
"948",51.56493203,-0.13284566,4,"75386"
"949",51.5649571,-0.13288867,6,"75386"
"950",51.56498103,-0.13293393,6,"75386"
"951",51.56500422,-0.13297796,7,"75386"
"952",51.56502228,-0.13302819,7,"75386"
"953",51.56504077,-0.13308232,8,"75386"
"954",51.56505882,-0.13313806,8,"75386"
"955",51.56507853,-0.13319435,7,"75386"
"956",51.56509647,-0.13325274,8,"75386"
"957",51.56510893,-0.13331153,8,"75386"
"958",51.56512089,-0.13336885,8,"75386"
"959",51.56513607,-0.13342543,8,"75386"
"960",51.56516721,-0.13352672,8,"75386"
"961",51.56516721,-0.13352672,8,"75386"
"962",51.56518447,-0.13356996,10,"75386"
"963",51.56520268,-0.13361007,10,"75386"
"964",51.56522231,-0.13364631,10,"75386"
"965",51.56524396,-0.13368419,9,"75386"
"966",51.56528297,-0.13376504,9,"75386"
"967",51.56528297,-0.13376504,8,"75386"
"968",51.56530031,-0.13380439,8,"75386"
"969",51.5653167,-0.1338393,6,"75386"
"970",51.56533737,-0.13387319,6,"75386"
"971",51.56535629,-0.1339074,6,"75386"
"972",51.56538369,-0.13398913,6,"75386"
"973",51.56539618,-0.13403899,6,"75386"
"974",51.56539618,-0.13403899,6,"75386"
"975",51.56544109,-0.13418906,6,"75386"
"976",51.56545776,-0.13423345,6,"75386"
"977",51.56545776,-0.13423345,6,"75386"
"978",51.56547212,-0.13427298,6,"75386"
"979",51.56547212,-0.13427298,6,"75386"
"980",51.56548387,-0.13431585,6,"75386"
"981",51.56549049,-0.13434622,5,"75386"
"982",51.56549097,-0.1343645,5,"75386"
"983",51.56548925,-0.13437828,5,"75386"
"984",51.56548485,-0.13438535,5,"75386"
"985",51.5654812,-0.13438786,5,"75386"
"986",51.56548025,-0.13438801,6,"75386"
"987",51.56548273,-0.13438557,6,"75386"
"988",51.56549367,-0.13438623,6,"75386"
"989",51.56550284,-0.13438662,6,"75386"
"990",51.56551336,-0.13438915,5,"75386"
"991",51.56552611,-0.1343957,5,"75386"
"992",51.56553977,-0.13440364,5,"75386"
"993",51.56555265,-0.13441228,4,"75386"
"994",51.56556481,-0.1344347,5,"75386"
"995",51.56557337,-0.13447177,5,"75386"
"996",51.56557401,-0.13451203,6,"75386"
"997",51.56557452,-0.13454749,6,"75386"
"998",51.56557962,-0.13458461,6,"75386"
"999",51.56558758,-0.13462499,6,"75386"
"1000",51.56561218,-0.13470593,6,"75386"
"1001",51.56563065,-0.13474975,6,"75386"
"1002",51.56563065,-0.13474975,5,"75386"
"1003",51.5656506,-0.13479514,5,"75386"
"1004",51.5656714,-0.1348391,5,"75386"
"1005",51.56568952,-0.13488268,4,"75386"
"1006",51.56570563,-0.13492525,4,"75386"
"1007",51.56572112,-0.13496989,4,"75386"
"1008",51.56573319,-0.13501127,4,"75386"
"1009",51.56574389,-0.13505118,5,"75386"
"1010",51.56575676,-0.13509083,5,"75386"
"1011",51.56577576,-0.13513543,5,"75386"
"1012",51.56579777,-0.13517417,5,"75386"
"1013",51.56581856,-0.13521369,4,"75386"
"1014",51.56584008,-0.13525643,4,"75386"
"1015",51.56586282,-0.1352953,5,"75386"
"1016",51.56588311,-0.13532858,5,"75386"
"1017",51.56589416,-0.13535928,5,"75386"
"1018",51.56589643,-0.13538991,4,"75386"
"1019",51.56589936,-0.13541587,4,"75386"
"1020",51.56590911,-0.13543559,6,"75386"
"1021",51.56592458,-0.13544309,6,"75386"
"1022",51.56594284,-0.1354425,6,"75386"
"1023",51.56595887,-0.13543765,6,"75386"
"1024",51.56596895,-0.13544032,6,"75386"
"1025",51.56598161,-0.13544459,5,"75386"
"1026",51.56599968,-0.13546598,4,"75386"
"1027",51.56599968,-0.13546598,3,"75386"
"1028",51.56600367,-0.13547557,3,"75386"
"1029",51.56601222,-0.13548019,5,"75386"
"1030",51.56602845,-0.13548377,5,"75386"
"1031",51.56604935,-0.13547374,5,"75386"
"1032",51.56607276,-0.1354536,5,"75386"
"1033",51.56609167,-0.13542429,5,"75386"
"1034",51.56610923,-0.13538763,5,"75386"
"1035",51.56612573,-0.1353449,5,"75386"
"1036",51.56613769,-0.1353057,5,"75386"
"1037",51.56614745,-0.13526341,5,"75386"
"1038",51.56615963,-0.13521435,6,"75386"
"1039",51.56617269,-0.13516766,6,"75386"
"1040",51.56619124,-0.13512462,5,"75386"
"1041",51.56622039,-0.13508106,6,"75386"
"1042",51.56624767,-0.13504011,6,"75386"
"1043",51.56627438,-0.1350037,9,"75386"
"1044",51.56630129,-0.13497295,10,"75386"
"1045",51.56632782,-0.13494837,11,"75386"
"1046",51.56635655,-0.13493217,13,"75386"
"1047",51.56638532,-0.13492395,13,"75386"
"1048",51.56641321,-0.13493186,14,"75386"
"1049",51.56643859,-0.13494153,14,"75386"
"1050",51.56646646,-0.13495788,14,"75386"
"1051",51.56649608,-0.13496942,14,"75386"
"1052",51.56652475,-0.13497549,12,"75386"
"1053",51.56655505,-0.13498534,12,"75386"
"1054",51.56658534,-0.13499199,10,"75386"
"1055",51.56661381,-0.13500117,10,"75386"
"1056",51.56664084,-0.13501012,10,"75386"
"1057",51.56667029,-0.13502363,10,"75386"
"1058",51.56670183,-0.13504867,10,"75386"
"1059",51.56673197,-0.13507968,10,"75386"
"1060",51.56676107,-0.13511751,10,"75386"
"1061",51.56678655,-0.13515353,10,"75386"
"1062",51.56681428,-0.13519697,9,"75386"
"1063",51.56684098,-0.13523632,9,"75386"
"1064",51.566867,-0.13527557,9,"75386"
"1065",51.56689469,-0.13531451,10,"75386"
"1066",51.56692161,-0.13534995,8,"75386"
"1067",51.56694806,-0.1353816,8,"75386"
"1068",51.56700636,-0.13544274,6,"75386"
"1069",51.56700636,-0.13544274,6,"75386"
"1070",51.56703336,-0.13546587,6,"75386"
"1071",51.56705822,-0.13548663,6,"75386"
"1072",51.56708408,-0.13550884,6,"75386"
"1073",51.56711212,-0.13553137,5,"75386"
"1074",51.56713895,-0.13554928,5,"75386"
"1075",51.5671651,-0.13556635,5,"75386"
"1076",51.5671926,-0.13558876,5,"75386"
"1077",51.56721659,-0.13561154,5,"75386"
"1078",51.56723954,-0.13563598,5,"75386"
"1079",51.56726308,-0.13565931,4,"75386"
"1080",51.56728594,-0.13568234,4,"75386"
"1081",51.56730944,-0.13570252,4,"75386"
"1082",51.56733372,-0.13571919,3,"75386"
"1083",51.56736175,-0.13573637,3,"75386"
"1084",51.5673913,-0.13575276,3,"75386"
"1085",51.56742292,-0.13577259,3,"75386"
"1086",51.56744712,-0.13579319,3,"75386"
"1087",51.56747246,-0.13581302,3,"75386"
"1088",51.56750152,-0.13583424,3,"75386"
"1089",51.56753048,-0.13585192,4,"75386"
"1090",51.56755814,-0.13586026,4,"75386"
"1091",51.5675873,-0.13586786,5,"75386"
"1092",51.56762086,-0.13588239,4,"75386"
"1093",51.56765594,-0.13590038,4,"75386"
"1094",51.56769116,-0.13591593,5,"75386"
"1095",51.56772346,-0.13592709,6,"75386"
"1096",51.56775346,-0.13594353,6,"75386"
"1097",51.56778175,-0.13596481,5,"75386"
"1098",51.56780751,-0.13598951,5,"75386"
"1099",51.56783377,-0.13601692,5,"75386"
"1100",51.56786249,-0.13604261,5,"75386"
"1101",51.56788774,-0.13606634,6,"75386"
"1102",51.56791428,-0.13609272,6,"75386"
"1103",51.56793993,-0.13612271,6,"75386"
"1104",51.56796513,-0.13615263,6,"75386"
"1105",51.56799318,-0.13617728,6,"75386"
"1106",51.56802207,-0.13619745,6,"75386"
"1107",51.56804971,-0.13621477,5,"75386"
"1108",51.56807373,-0.13623737,5,"75386"
"1109",51.56809695,-0.13625983,3,"75386"
"1110",51.56811966,-0.1362777,4,"75386"
"1111",51.56814447,-0.13629359,4,"75386"
"1112",51.5681677,-0.13630914,3,"75386"
"1113",51.56819215,-0.13633004,3,"75386"
"1114",51.56821856,-0.13634863,3,"75386"
"1115",51.56824461,-0.13636606,3,"75386"
"1116",51.5682709,-0.13638524,4,"75386"
"1117",51.56829988,-0.13640796,4,"75386"
"1118",51.56832771,-0.13643407,4,"75386"
"1119",51.56835979,-0.13646547,4,"75386"
"1120",51.56839321,-0.1364951,4,"75386"
"1121",51.56842178,-0.13652129,4,"75386"
"1122",51.56844724,-0.1365497,4,"75386"
"1123",51.56847265,-0.13658052,4,"75386"
"1124",51.56849856,-0.13661164,4,"75386"
"1125",51.56852565,-0.13663893,5,"75386"
"1126",51.56855427,-0.13666725,5,"75386"
"1127",51.56858563,-0.13669291,5,"75386"
"1128",51.56861566,-0.13671305,5,"75386"
"1129",51.5686443,-0.13672406,5,"75386"
"1130",51.56867455,-0.1367294,6,"75386"
"1131",51.56870532,-0.13673291,5,"75386"
"1132",51.56873207,-0.1367393,6,"75386"
"1133",51.56875805,-0.13675143,7,"75386"
"1134",51.56878241,-0.13676496,7,"75386"
"1135",51.56881025,-0.13678376,9,"75386"
"1136",51.56883752,-0.1368063,9,"75386"
"1137",51.56886253,-0.13683001,9,"75386"
"1138",51.56889033,-0.13685249,10,"75386"
"1139",51.56891758,-0.13686717,9,"75386"
"1140",51.56894106,-0.13687893,10,"75386"
"1141",51.56896513,-0.13689326,10,"75386"
"1142",51.56898846,-0.13691292,10,"75386"
"1143",51.56901197,-0.13693073,9,"75386"
"1144",51.56903797,-0.13694991,8,"75386"
"1145",51.56906204,-0.13696985,6,"75386"
"1146",51.5690851,-0.13698991,6,"75386"
"1147",51.56911085,-0.1370083,6,"75386"
"1148",51.56913937,-0.13702454,6,"75386"
"1149",51.56917061,-0.13704019,6,"75386"
"1150",51.56920317,-0.13705965,6,"75386"
"1151",51.56923615,-0.1370863,5,"75386"
"1152",51.56926766,-0.13711789,5,"75386"
"1153",51.56929743,-0.13714277,5,"75386"
"1154",51.56932743,-0.13716593,5,"75386"
"1155",51.56936083,-0.13719311,6,"75386"
"1156",51.56939637,-0.1372187,6,"75386"
"1157",51.56943046,-0.13724557,5,"75386"
"1158",51.56946317,-0.13726746,5,"75386"
"1159",51.56949566,-0.13728803,5,"75386"
"1160",51.56952485,-0.13731141,4,"75386"
"1161",51.56955642,-0.13734079,4,"75386"
"1162",51.56958656,-0.13736942,4,"75386"
"1163",51.56961395,-0.13739651,4,"75386"
"1164",51.56964062,-0.1374238,4,"75386"
"1165",51.56966613,-0.13745167,4,"75386"
"1166",51.56969155,-0.13748455,4,"75386"
"1167",51.56971718,-0.13751896,3,"75386"
"1168",51.56974369,-0.13755059,3,"75386"
"1169",51.56977054,-0.13758161,4,"75386"
"1170",51.56980132,-0.13760961,4,"75386"
"1171",51.56983014,-0.13763815,4,"75386"
"1172",51.56985467,-0.13765944,4,"75386"
"1173",51.5698765,-0.1376835,3,"75386"
"1174",51.56989752,-0.13770937,4,"75386"
"1175",51.56992227,-0.13773757,3,"75386"
"1176",51.56994612,-0.13776303,3,"75386"
"1177",51.56996855,-0.13778189,3,"75386"
"1178",51.56999183,-0.1378015,4,"75386"
"1179",51.57001914,-0.13782544,4,"75386"
"1180",51.57004469,-0.13784924,4,"75386"
"1181",51.5700718,-0.13787494,4,"75386"
"1182",51.57009573,-0.13790444,4,"75386"
"1183",51.57011771,-0.1379404,5,"75386"
"1184",51.57014209,-0.13797337,5,"75386"
"1185",51.57019756,-0.13802761,5,"75386"
"1186",51.57019756,-0.13802761,5,"75386"
"1187",51.57022114,-0.13804728,5,"75386"
"1188",51.57023983,-0.1380604,4,"75386"
"1189",51.57026208,-0.13807489,5,"75386"
"1190",51.5702877,-0.13809694,5,"75386"
"1191",51.5703106,-0.13811517,5,"75386"
"1192",51.57033514,-0.13813136,4,"75386"
"1193",51.57036067,-0.13814605,4,"75386"
"1194",51.57038379,-0.13815817,5,"75386"
"1195",51.57040636,-0.13817277,5,"75386"
"1196",51.57042959,-0.13819542,4,"75386"
"1197",51.57045323,-0.13821735,5,"75386"
"1198",51.57048037,-0.13824246,5,"75386"
"1199",51.57050734,-0.13826599,4,"75386"
"1200",51.57053247,-0.13828608,4,"75386"
"1201",51.57055496,-0.13830293,4,"75386"
"1202",51.57057588,-0.1383212,4,"75386"
"1203",51.57059418,-0.13833343,5,"75386"
"1204",51.57061081,-0.13835103,5,"75386"
"1205",51.5706401,-0.13837148,4,"75386"
"1206",51.57067534,-0.1384058,3,"75386"
"1207",51.57071039,-0.13843184,3,"75386"
"1208",51.57074144,-0.13845525,4,"75386"
"1209",51.57077059,-0.13847738,4,"75386"
"1210",51.57079662,-0.13850001,4,"75386"
"1211",51.57082188,-0.13852478,4,"75386"
"1212",51.57084606,-0.13855068,4,"75386"
"1213",51.57087268,-0.13857457,4,"75386"
"1214",51.57089337,-0.13861024,3,"75386"
"1215",51.57091358,-0.13865739,4,"75386"
"1216",51.57093192,-0.13869698,4,"75386"
"1217",51.57095183,-0.13873144,4,"75386"
"1218",51.57097419,-0.13876748,4,"75386"
"1219",51.57099913,-0.13880776,4,"75386"
"1220",51.57102602,-0.13884814,5,"75386"
"1221",51.57105508,-0.13888577,5,"75386"
"1222",51.57108208,-0.13892141,5,"75386"
"1223",51.57110654,-0.13895344,5,"75386"
"1224",51.57112931,-0.13898255,5,"75386"
"1225",51.57115132,-0.13901296,5,"75386"
"1226",51.57117388,-0.13904291,5,"75386"
"1227",51.57119712,-0.13907243,5,"75386"
"1228",51.5712201,-0.13910247,5,"75386"
"1229",51.57124318,-0.13913147,4,"75386"
"1230",51.57126894,-0.13916395,4,"75386"
"1231",51.57129503,-0.13919664,5,"75386"
"1232",51.57132146,-0.1392275,5,"75386"
"1233",51.57135461,-0.13925319,4,"75386"
"1234",51.57139064,-0.13927732,4,"75386"
"1235",51.57142568,-0.13930052,5,"75386"
"1236",51.57146198,-0.13933517,5,"75386"
"1237",51.57150029,-0.13938422,5,"75386"
"1238",51.57153805,-0.13943206,5,"75386"
"1239",51.57157572,-0.13947657,5,"75386"
"1240",51.57161036,-0.13952047,5,"75386"
"1241",51.57164485,-0.13956314,5,"75386"
"1242",51.57167704,-0.13961381,5,"75386"
"1243",51.57171098,-0.13965347,5,"75386"
"1244",51.57175771,-0.13969591,5,"75386"
"1245",51.57180183,-0.13973381,5,"75386"
"1246",51.57184734,-0.13975081,5,"75386"
"1247",51.57192934,-0.1398339,5,"75386"
"1248",51.57198657,-0.13987308,5,"75386"
"1249",51.57198657,-0.13987308,5,"75386"
"1250",51.57204036,-0.13992378,4,"75386"
"1251",51.57209951,-0.13995592,4,"75386"
"1252",51.57219102,-0.14000002,4,"75386"
"1253",51.57219102,-0.14000002,4,"75386"
"1254",51.57224232,-0.14004956,4,"75386"
"1255",51.57229397,-0.14006827,4,"75386"
"1256",51.57233532,-0.14011311,4,"75386"
"1257",51.57237953,-0.14016118,4,"75386"
"1258",51.5724248,-0.14019235,4,"75386"
"1259",51.57246534,-0.14021538,3,"75386"
"1260",51.572508,-0.1402334,3,"75386"
"1261",51.57254381,-0.14026723,3,"75386"
"1262",51.57260298,-0.14031602,3,"75386"
"1263",51.57266352,-0.1403515,3,"75386"
"1264",51.57277523,-0.14043554,3,"75386"
"1265",51.57282211,-0.14041734,3,"75386"
"1266",51.57282211,-0.14041734,2,"75386"
"1267",51.57287708,-0.1405281,2,"75386"
"1268",51.57290892,-0.14055095,4,"75386"
"1269",51.5729735,-0.14062752,4,"75386"
"1270",51.57300692,-0.14067339,4,"75386"
"1271",51.57305314,-0.14072405,4,"75386"
"1272",51.57308195,-0.14078987,4,"75386"
"1273",51.57312899,-0.14084738,4,"75386"
"1274",51.57316806,-0.14091281,3,"75386"
"1275",51.573211,-0.14096693,3,"75386"
"1276",51.5732583,-0.14099571,3,"75386"
"1277",51.57329111,-0.14101744,4,"75386"
"1278",51.57332724,-0.14105117,3,"75386"
"1279",51.57336713,-0.14107558,3,"75386"
"1280",51.5734245,-0.14112007,2,"75386"
"1281",51.57346424,-0.14114591,2,"75386"
"1282",51.57350989,-0.14118061,3,"75386"
"1283",51.57362763,-0.14120762,4,"75386"
"1284",51.57362763,-0.14120762,5,"75386"
"1285",51.57367401,-0.14133371,5,"75386"
"1286",51.57371897,-0.14134909,5,"75386"
"1287",51.57374502,-0.14120522,5,"75386"
"1288",51.57374502,-0.14120522,5,"75386"
"1289",51.57376222,-0.1411431,5,"75386"
"1290",51.5737755,-0.14110734,5,"75386"
"1291",51.57378984,-0.1410518,5,"75386"
"1292",51.57381511,-0.14098184,5,"75386"
"1293",51.57383962,-0.14096869,5,"75386"
"1294",51.57387756,-0.14096548,5,"75386"
"1295",51.57390742,-0.14092112,5,"75386"
"1296",51.573934,-0.14087662,6,"75386"
"1297",51.57396389,-0.14082781,6,"75386"
"1298",51.57399694,-0.14075278,5,"75386"
"1299",51.5740204,-0.14069746,5,"75386"
"1300",51.5740503,-0.14064149,5,"75386"
"1301",51.57409624,-0.14061855,4,"75386"
"1302",51.57412782,-0.14056593,4,"75386"
"1303",51.57416056,-0.14054449,4,"75386"
"1304",51.5742377,-0.14051816,4,"75386"
"1305",51.5742377,-0.14051816,4,"75386"
"1306",51.57429096,-0.1405361,4,"75386"
"1307",51.57432226,-0.14053379,4,"75386"
"1308",51.57434748,-0.14061751,4,"75386"
"1309",51.57441794,-0.1406745,4,"75386"
"1310",51.57441794,-0.1406745,4,"75386"
"1311",51.57445071,-0.14069233,4,"75386"
"1312",51.57447883,-0.14073003,4,"75386"
"1313",51.57450577,-0.14077203,4,"75386"
"1314",51.57452879,-0.14080868,4,"75386"
"1315",51.57455356,-0.14084608,4,"75386"
"1316",51.5745832,-0.14088303,2,"75386"
"1317",51.57461056,-0.14091401,2,"75386"
"1318",51.57463899,-0.14094485,2,"75386"
"1319",51.57466691,-0.1409782,2,"75386"
"1320",51.57469474,-0.14101183,2,"75386"
"1321",51.57472183,-0.14104255,2,"75386"
"1322",51.57474701,-0.14106915,2,"75386"
"1323",51.57477755,-0.14110176,2,"75386"
"1324",51.57481234,-0.14113815,2,"75386"
"1325",51.57484315,-0.14117054,2,"75386"
"1326",51.57486756,-0.14119834,2,"75386"
"1327",51.57488741,-0.14121639,2,"75386"
"1328",51.57490195,-0.1412287,3,"75386"
"1329",51.57491641,-0.14123932,3,"75386"
"1330",51.57493277,-0.14124962,2,"75386"
"1331",51.57495008,-0.14126493,1,"75386"
"1332",51.57496531,-0.14128401,1,"75386"
"1333",51.57497919,-0.14129792,1,"75386"
"1334",51.57499014,-0.14130627,1,"75386"
"1335",51.57500135,-0.14131138,1,"75386"
"1336",51.57500135,-0.14131138,1,"75386"
"1337",51.5750007,-0.14130993,2,"75386"
"1338",51.57499918,-0.14131088,2,"75386"
"1339",51.57499919,-0.14131271,1,"75386"
"1340",51.57499867,-0.14131707,2,"75386"
"1341",51.57499825,-0.14131482,2,"75386"
"1342",51.57499767,-0.1413172,1,"75386"
"1343",51.57499767,-0.1413172,0,"75386"
"1344",51.5749944,-0.14132028,0,"75386"
"1345",51.57499227,-0.14132168,0,"75386"
"1346",51.57499051,-0.14132201,1,"75386"
"1347",51.57498974,-0.14132227,1,"75386"
"1348",51.57498804,-0.1413235,1,"75386"
"1349",51.57498804,-0.1413235,1,"75386"
"1350",51.57498755,-0.14132399,1,"75386"
"1351",51.57498728,-0.14132428,1,"75386"
"1352",51.5749873,-0.14132412,1,"75386"
"1353",51.57498729,-0.14132403,1,"75386"
"1354",51.57498728,-0.14132394,0,"75386"
"1355",51.57498735,-0.14132373,0,"75386"
"1356",51.57498738,-0.14132362,0,"75386"
"1357",51.5749874,-0.14132359,0,"75386"
"1358",51.5749874,-0.14132354,1,"75386"
"1359",51.57498777,-0.14131846,1,"75386"
"1360",51.57499291,-0.14130679,2,"75386"
"1361",51.57499291,-0.14130679,2,"75386"
"1362",51.5749957,-0.14130295,2,"75386"
"1363",51.57499434,-0.14130201,2,"75386"
"1364",51.57499228,-0.14130452,2,"75386"
"1365",51.57499129,-0.1413047,3,"75386"
"1366",51.57499051,-0.14130367,3,"75386"
"1367",51.57499254,-0.14129783,3,"75386"
"1368",51.57499378,-0.14129557,3,"75386"
"1369",51.57499342,-0.14129604,3,"75386"
"1370",51.57499182,-0.14129988,3,"75386"
"1371",51.5749903,-0.14130312,3,"75386"
"1372",51.57498963,-0.14130498,3,"75386"
"1373",51.57498914,-0.14130633,3,"75386"
"1374",51.57498998,-0.14130456,3,"75386"
"1375",51.57499027,-0.14130397,3,"75386"
"1376",51.57499039,-0.14130371,3,"75386"
"1377",51.57499081,-0.14130289,3,"75386"
"1378",51.57499203,-0.1413003,3,"75386"
"1379",51.57499198,-0.14130047,3,"75386"
"1380",51.57499121,-0.14130212,3,"75386"
"1381",51.57499121,-0.14130212,3,"75386"
"1382",51.57499075,-0.14130312,3,"75386"
"1383",51.57498997,-0.1413048,3,"75386"
"1384",51.57498911,-0.14130657,2,"75386"
"1385",51.57498868,-0.14130752,2,"75386"
"1386",51.57498776,-0.14130954,3,"75386"
"1387",51.57498731,-0.14131068,3,"75386"
"1388",51.57498715,-0.14131112,2,"75386"
"1389",51.57498664,-0.1413123,2,"75386"
"1390",51.57498626,-0.14131313,2,"75386"
"1391",51.57498602,-0.14131365,2,"75386"
"1392",51.57498586,-0.14131403,3,"75386"
"1393",51.5749857,-0.1413144,2,"75386"
"1394",51.57498561,-0.14131461,2,"75386"
"1395",51.57498547,-0.14131494,2,"75386"
"1396",51.57498538,-0.14131517,2,"75386"
"1397",51.5749853,-0.14131534,3,"75386"
"1398",51.57498524,-0.14131548,3,"75386"
"1399",51.57498522,-0.14131553,3,"75386"
"1400",51.57498522,-0.14131554,3,"75386"
"1401",51.57498524,-0.1413155,3,"75386"
"1402",51.57498524,-0.1413155,3,"75386"
"1403",51.57498525,-0.14131549,3,"75386"
"1404",51.57498524,-0.1413155,3,"75386"
"1405",51.57498519,-0.1413156,3,"75386"
"1406",51.57498517,-0.14131565,3,"75386"
"1407",51.57498519,-0.14131562,4,"75386"
"1408",51.57498523,-0.14131555,3,"75386"
"1409",51.57498528,-0.14131545,3,"75386"
"1410",51.57498531,-0.14131541,3,"75386"
"1411",51.57498542,-0.14131532,3,"75386"
"1412",51.57498548,-0.14131526,4,"75386"
"1413",51.5749855,-0.14131524,5,"75386"
"1414",51.57498552,-0.14131523,4,"75386"
"1415",51.57498553,-0.14131522,4,"75386"
"1416",51.57498553,-0.14131522,4,"75386"
"1417",51.57498553,-0.14131522,4,"75386"
"1418",51.57498553,-0.14131522,6,"75386"
"1419",51.57498553,-0.14131522,6,"75386"
"1420",51.57498553,-0.14131522,6,"75386"
"1421",51.57498553,-0.14131522,6,"75386"
"1422",51.57498554,-0.14131522,6,"75386"
"1423",51.57498554,-0.14131522,6,"75386"
"1424",51.57498554,-0.14131522,6,"75386"
"1425",51.57498554,-0.14131522,5,"75386"
"1426",51.57498554,-0.14131523,5,"75386"
"1427",51.57498554,-0.14131523,4,"75386"
"1428",51.57498554,-0.14131523,4,"75386"
"1429",51.57498554,-0.14131523,4,"75386"
"1430",51.5750076,-0.1413264,4,"75386"
"1431",51.5750076,-0.1413264,4,"75386"
"1432",51.5750076,-0.1413264,4,"75386"
"1433",51.5750076,-0.1413264,4,"75386"
"1434",51.5750076,-0.1413264,4,"75386"
"1435",51.5750076,-0.1413264,4,"75386"
"1436",51.5750076,-0.1413264,4,"75386"
"1437",51.5750076,-0.1413264,4,"75386"
"1438",51.5750076,-0.1413264,4,"75386"
"1439",51.5750076,-0.1413264,4,"75386"
"1440",51.5750076,-0.1413264,4,"75386"
"1441",51.5750076,-0.1413264,4,"75386"
"1442",51.5750076,-0.1413264,4,"75386"
"1443",51.5750076,-0.1413264,5,"75386"
"1444",51.5750076,-0.1413264,5,"75386"
"1445",51.5750076,-0.1413264,5,"75386"
"1446",51.5750076,-0.1413264,5,"75386"
"1447",51.5750076,-0.1413264,5,"75386"
"1448",51.5750076,-0.1413264,6,"75386"
"1449",51.5750095,-0.1413298,6,"75386"
"1450",51.5750095,-0.1413298,6,"75386"
"1451",51.5750095,-0.1413298,6,"75386"
"1452",51.5750095,-0.1413298,6,"75386"
"1453",51.5750095,-0.1413298,6,"75386"
"1454",51.5750095,-0.1413298,6,"75386"
"1455",51.5750095,-0.1413298,5,"75386"
"1456",51.5750095,-0.1413298,5,"75386"
"1457",51.5750095,-0.1413298,5,"75386"
"1458",51.5750095,-0.1413298,5,"75386"
"1459",51.5750095,-0.1413298,5,"75386"
"1460",51.5750095,-0.1413298,5,"75386"
"1461",51.5750095,-0.1413298,5,"75386"
"1462",51.5750095,-0.1413298,5,"75386"
"1463",51.5750095,-0.1413298,5,"75386"
"1464",51.5750095,-0.1413298,6,"75386"
"1465",51.5750095,-0.1413298,6,"75386"
"1466",51.5750095,-0.1413298,5,"75386"
"1467",51.5750095,-0.1413298,5,"75386"
"1468",51.5750095,-0.1413298,5,"75386"
"1469",51.5750095,-0.1413298,5,"75386"
"1470",51.5750095,-0.1413298,5,"75386"
"1471",51.5750095,-0.1413298,5,"75386"
"1472",51.5750095,-0.1413298,5,"75386"
"1473",51.5750099,-0.1413295,5,"75386"
"1474",51.5750099,-0.1413295,5,"75386"
"1475",51.5750099,-0.1413295,5,"75386"
"1476",51.5750099,-0.1413295,5,"75386"
"1477",51.5750099,-0.1413295,5,"75386"
"1478",51.5750099,-0.1413295,6,"75386"
"1479",51.5750099,-0.1413295,6,"75386"
"1480",51.5750099,-0.1413295,6,"75386"
"1481",51.5750099,-0.1413295,5,"75386"
"1482",51.5750099,-0.1413295,5,"75386"
"1483",51.5750099,-0.1413295,5,"75386"
"1484",51.5750099,-0.1413295,5,"75386"
"1485",51.5750099,-0.1413295,5,"75386"
"1486",51.5750099,-0.1413295,5,"75386"
"1487",51.5750099,-0.1413295,6,"75386"
"1488",51.5750099,-0.1413295,6,"75386"
"1489",51.5750099,-0.1413295,5,"75386"
"1490",51.5750099,-0.1413295,5,"75386"
"1491",51.5750099,-0.1413295,5,"75386"
"1492",51.5750099,-0.1413295,6,"75386"
"1493",51.5750099,-0.1413295,6,"75386"
"1494",51.5750099,-0.1413295,6,"75386"
"1495",51.5750099,-0.1413295,6,"75386"
"1496",51.5750099,-0.1413295,5,"75386"
"1497",51.5750099,-0.1413295,5,"75386"
"1498",51.5750099,-0.1413295,4,"75386"
"1499",51.5750099,-0.1413295,4,"75386"
"1500",51.5750099,-0.1413295,4,"75386"
"1501",51.5750099,-0.1413295,4,"75386"
"1502",51.5750099,-0.1413295,4,"75386"
"1503",51.5750099,-0.1413295,3,"75386"
"1504",51.5750099,-0.1413295,3,"75386"
"1505",51.5750099,-0.1413295,4,"75386"
"1506",51.5750099,-0.1413295,4,"75386"
"1507",51.5750099,-0.1413295,3,"75386"
"1508",51.5750099,-0.1413295,3,"75386"
"1509",51.5750099,-0.1413295,3,"75386"
"1510",51.5750099,-0.1413295,3,"75386"
"1511",51.5750103,-0.1413164,3,"75386"
"1512",51.5750103,-0.1413164,3,"75386"
"1513",51.5750103,-0.1413164,5,"75386"
"1514",51.5750103,-0.1413164,5,"75386"
"1515",51.5750103,-0.1413164,5,"75386"
"1516",51.5750103,-0.1413164,4,"75386"
"1517",51.5750103,-0.1413164,4,"75386"
"1518",51.5750103,-0.1413164,4,"75386"
"1519",51.5750103,-0.1413164,5,"75386"
"1520",51.5750103,-0.1413164,6,"75386"
"1521",51.5750103,-0.1413164,6,"75386"
"1522",51.5750103,-0.1413164,6,"75386"
"1523",51.5750103,-0.1413164,6,"75386"
"1524",51.5750103,-0.1413164,6,"75386"
"1525",51.5750103,-0.1413164,6,"75386"
"1526",51.5750103,-0.1413164,6,"75386"
"1527",51.5750103,-0.1413164,6,"75386"
"1528",51.5750103,-0.1413164,6,"75386"
"1529",51.5750103,-0.1413164,6,"75386"
"1530",51.5750103,-0.1413164,6,"75386"
"1531",51.57498615,-0.14131484,6,"75386"
"1532",51.57498614,-0.14131485,6,"75386"
"1533",51.57498631,-0.14131467,6,"75386"
"1534",51.57498639,-0.14131458,5,"75386"
"1535",51.57498641,-0.14131458,4,"75386"
"1536",51.57498642,-0.14131458,4,"75386"
"1537",51.57498642,-0.14131457,4,"75386"
"1538",51.57498641,-0.1413146,4,"75386"
"1539",51.57498642,-0.14131458,4,"75386"
"1540",51.57498643,-0.14131456,4,"75386"
"1541",51.57498644,-0.14131454,4,"75386"
"1542",51.57498645,-0.14131454,4,"75386"
"1543",51.57498644,-0.14131454,3,"75386"
"1544",51.57498645,-0.14131454,3,"75386"
"1545",51.57498645,-0.14131453,3,"75386"
"1546",51.57498645,-0.14131454,3,"75386"
"1547",51.57498645,-0.14131454,4,"75386"
"1548",51.57498645,-0.14131453,4,"75386"
"1549",51.57498645,-0.14131453,4,"75386"
"1550",51.57498645,-0.14131453,5,"75386"
"1551",51.5750179,-0.1413165,5,"75386"
"1552",51.5750179,-0.1413165,5,"75386"
"1553",51.5750179,-0.1413165,5,"75386"
"1554",51.5750179,-0.1413165,5,"75386"
"1555",51.5750179,-0.1413165,4,"75386"
"1556",51.5750179,-0.1413165,5,"75386"
"1557",51.5750179,-0.1413165,5,"75386"
"1558",51.5750179,-0.1413165,6,"75386"
"1559",51.5750179,-0.1413165,6,"75386"
"1560",51.5750179,-0.1413165,6,"75386"
"1561",51.5750179,-0.1413165,6,"75386"
"1562",51.5750179,-0.1413165,6,"75386"
"1563",51.57498647,-0.14131452,6,"75386"
"1564",51.57498647,-0.14131452,6,"75386"
"1565",51.57498647,-0.14131452,6,"75386"
"1566",51.57498647,-0.14131452,5,"75386"
"1567",51.57498648,-0.14131451,5,"75386"
"1568",51.57498648,-0.1413145,5,"75386"
"1569",51.57498648,-0.1413145,5,"75386"
"1570",51.57498648,-0.1413145,5,"75386"
"1571",51.5750178,-0.1413165,5,"75386"
"1572",51.57498673,-0.14131422,5,"75386"
"1573",51.57498673,-0.14131422,5,"75386"
"1574",51.57498677,-0.14131417,5,"75386"
"1575",51.57498679,-0.14131415,4,"75386"
"1576",51.57498681,-0.14131412,4,"75386"
"1577",51.57498681,-0.14131411,4,"75386"
"1578",51.57498682,-0.1413141,4,"75386"
"1579",51.57498682,-0.1413141,5,"75386"
"1580",51.57498682,-0.1413141,5,"75386"
"1581",51.57498682,-0.1413141,5,"75386"
"1582",51.57498682,-0.1413141,4,"75386"
"1583",51.57498683,-0.14131409,4,"75386"
"1584",51.57498683,-0.14131409,4,"75386"
"1585",51.57498683,-0.14131409,4,"75386"
"1586",51.57498683,-0.1413141,4,"75386"
"1587",51.57498683,-0.14131408,4,"75386"
"1588",51.57498683,-0.14131408,4,"75386"
"1589",51.57498683,-0.14131408,4,"75386"
"1590",51.57498683,-0.14131408,4,"75386"
"1591",51.57498684,-0.14131407,5,"75386"
"1592",51.57498684,-0.14131407,5,"75386"
"1593",51.5750106,-0.1413288,5,"75386"
"1594",51.5750106,-0.1413288,5,"75386"
"1595",51.5750106,-0.1413288,5,"75386"
"1596",51.5750106,-0.1413288,5,"75386"
"1597",51.5750106,-0.1413288,4,"75386"
"1598",51.5750106,-0.1413288,4,"75386"
"1599",51.5750106,-0.1413288,4,"75386"
"1600",51.5750106,-0.1413288,6,"75386"
"1601",51.5750106,-0.1413288,6,"75386"
"1602",51.5750106,-0.1413288,6,"75386"
"1603",51.5750104,-0.1413288,6,"75386"
"1604",51.5750104,-0.1413288,6,"75386"
"1605",51.5750104,-0.1413288,6,"75386"
"1606",51.5750104,-0.1413288,5,"75386"
"1607",51.5750104,-0.1413288,5,"75386"
"1608",51.5750104,-0.1413288,5,"75386"
"1609",51.5750104,-0.1413288,5,"75386"
"1610",51.5750104,-0.1413288,5,"75386"
"1611",51.5750104,-0.1413288,5,"75386"
"1612",51.57498722,-0.14131389,6,"75386"
"1613",51.57498722,-0.14131387,6,"75386"
"1614",51.57498723,-0.14131386,5,"75386"
"1615",51.57498724,-0.14131383,5,"75386"
"1616",51.57498725,-0.1413138,6,"75386"
"1617",51.57498725,-0.14131381,5,"75386"
"1618",51.57498725,-0.1413138,5,"75386"
"1619",51.57498727,-0.14131376,5,"75386"
"1620",51.57498727,-0.14131376,5,"75386"
"1621",51.57498727,-0.14131376,4,"75386"
"1622",51.57498728,-0.14131374,4,"75386"
"1623",51.57498731,-0.14131369,4,"75386"
"1624",51.57498735,-0.14131359,4,"75386"
"1625",51.57498738,-0.14131351,4,"75386"
"1626",51.57498738,-0.14131351,4,"75386"
"1627",51.57498744,-0.14131338,3,"75386"
"1628",51.57498746,-0.14131335,3,"75386"
"1629",51.57498747,-0.14131333,3,"75386"
"1630",51.57498749,-0.14131329,5,"75386"
"1631",51.57498749,-0.14131327,5,"75386"
"1632",51.57498751,-0.14131323,5,"75386"
"1633",51.57498753,-0.1413132,4,"75386"
"1634",51.57498753,-0.1413132,4,"75386"
"1635",51.57498753,-0.14131319,4,"75386"
"1636",51.57498753,-0.14131319,5,"75386"
"1637",51.57498754,-0.14131317,5,"75386"
"1638",51.57498754,-0.14131317,5,"75386"
"1639",51.57498754,-0.14131316,5,"75386"
"1640",51.57498754,-0.14131317,5,"75386"
"1641",51.57498768,-0.14131302,5,"75386"
"1642",51.57498776,-0.14131294,5,"75386"
"1643",51.5749878,-0.14131291,5,"75386"
"1644",51.57498783,-0.14131286,5,"75386"
"1645",51.57498783,-0.14131286,4,"75386"
"1646",51.57498784,-0.14131284,4,"75386"
"1647",51.57498786,-0.14131281,4,"75386"
"1648",51.57498787,-0.14131276,4,"75386"
"1649",51.57498786,-0.14131276,3,"75386"
"1650",51.57498786,-0.14131276,3,"75386"
"1651",51.5749879,-0.14131269,3,"75386"
"1652",51.57498792,-0.14131263,3,"75386"
"1653",51.57498793,-0.14131262,3,"75386"
"1654",51.57498793,-0.14131262,4,"75386"
"1655",51.57498793,-0.14131262,5,"75386"
"1656",51.57498792,-0.14131263,5,"75386"
"1657",51.57498792,-0.14131262,4,"75386"
"1658",51.57498791,-0.14131262,4,"75386"
"1659",51.57498791,-0.14131262,4,"75386"
"1660",51.57498792,-0.1413126,4,"75386"
"1661",51.57498794,-0.14131257,4,"75386"
"1662",51.57498815,-0.14131235,4,"75386"
"1663",51.57498819,-0.14131231,4,"75386"
"1664",51.57498819,-0.14131231,4,"75386"
"1665",51.57498821,-0.14131229,4,"75386"
"1666",51.57498822,-0.14131227,5,"75386"
"1667",51.57498823,-0.14131224,5,"75386"
"1668",51.57498825,-0.14131221,5,"75386"
"1669",51.57498826,-0.14131219,4,"75386"
"1670",51.57498827,-0.14131218,4,"75386"
"1671",51.57498827,-0.14131216,4,"75386"
"1672",51.5749883,-0.14131231,4,"75386"
"1673",51.57498833,-0.14131229,4,"75386"
"1674",51.57498834,-0.14131198,4,"75386"
"1675",51.57498834,-0.14131198,3,"75386"
"1676",51.57498835,-0.14131195,3,"75386"
"1677",51.57498836,-0.14131191,3,"75386"
"1678",51.57498836,-0.14131191,3,"75386"
"1679",51.57498835,-0.14131191,3,"75386"
"1680",51.57498836,-0.14131191,3,"75386"
"1681",51.57498836,-0.1413119,4,"75386"
"1682",51.57498836,-0.1413119,4,"75386"
"1683",51.57498835,-0.14131191,4,"75386"
"1684",51.57498835,-0.14131191,5,"75386"
"1685",51.57498836,-0.14131189,6,"75386"
"1686",51.57498836,-0.14131188,6,"75386"
"1687",51.57498836,-0.14131186,5,"75386"
"1688",51.57498836,-0.14131186,6,"75386"
"1689",51.57498837,-0.14131184,6,"75386"
"1690",51.57498838,-0.14131182,6,"75386"
"1691",51.57498838,-0.14131181,6,"75386"
"1692",51.57498838,-0.14131182,6,"75386"
"1693",51.57498839,-0.1413118,6,"75386"
"1694",51.57498839,-0.1413118,6,"75386"
"1695",51.57498838,-0.14131181,6,"75386"
"1696",51.57498838,-0.14131181,7,"75386"
"1697",51.57498838,-0.14131181,7,"75386"
"1698",51.57498839,-0.1413118,7,"75386"
"1699",51.5749884,-0.14131179,7,"75386"
"1700",51.5749884,-0.14131177,7,"75386"
"1701",51.5749884,-0.14131177,7,"75386"
"1702",51.5749884,-0.14131177,6,"75386"
"1703",51.5749884,-0.14131176,6,"75386"
